{
    "R2": 0.6927941077347964,
    "RMSE_log": 0.6574274634997495,
    "MAE_log": 0.5161840394647719,
    "MAE_real": 587400.9360599978
}