{
    "Accuracy": 0.7692307692307693,
    "F1_Weighted": 0.7545492248444752
}