{
    "Accuracy": 0.7615384615384615,
    "F1_Weighted": 0.7470445344129554
}