{
    "Accuracy": 0.7769230769230769,
    "F1_Weighted": 0.7615595987187617
}