{
    "R2": 0.6986019901842442,
    "RMSE_log": 0.6511833114575621,
    "MAE_log": 0.5098987056354585,
    "MAE_real": 585188.7560368932
}