{
    "R2": 0.7000241775910396,
    "RMSE_log": 0.6496451463939166,
    "MAE_log": 0.5097449883559307,
    "MAE_real": 587766.701523502
}